{
  "Ansi 5 Color" : {
    "Green Component" : 0.1080246344208717,
    "Red Component" : 0.7773894071578979,
    "Blue Component" : 0.4351663589477539
  },
  "ASCII Ligatures" : false,
  "Working Directory" : "\/Users\/luccitan",
  "Prompt Before Closing 2" : false,
  "Selected Text Color" : {
    "Green Component" : 0.5648583769798279,
    "Red Component" : 0.5059919357299805,
    "Blue Component" : 0.5636365413665771
  },
  "Rows" : 25,
  "Ansi 11 Color" : {
    "Green Component" : 0.4071767330169678,
    "Red Component" : 0.3243661820888519,
    "Blue Component" : 0.4385056495666504
  },
  "Use Italic Font" : true,
  "HotKey Characters" : "\u001b",
  "Foreground Color" : {
    "Green Component" : 0.5096293091773987,
    "Red Component" : 0.4405802488327026,
    "Blue Component" : 0.5168579816818237
  },
  "HotKey Window Floats" : false,
  "Right Option Key Sends" : 0,
  "Character Encoding" : 4,
  "Selection Color" : {
    "Green Component" : 0.155759260058403,
    "Red Component" : 0,
    "Blue Component" : 0.1937013864517212
  },
  "Blend" : 0.5,
  "Mouse Reporting" : true,
  "Ansi 4 Color" : {
    "Green Component" : 0.462659478187561,
    "Red Component" : 0.1275488436222076,
    "Blue Component" : 0.7823141813278198
  },
  "Non-ASCII Anti Aliased" : true,
  "Sync Title" : false,
  "Disable Window Resizing" : true,
  "Description" : "Default",
  "Close Sessions On End" : true,
  "Jobs to Ignore" : [
    "rlogin",
    "ssh",
    "slogin",
    "telnet"
  ],
  "Scrollback Lines" : 1000,
  "HotKey Window Reopens On Activation" : false,
  "Flashing Bell" : false,
  "Cursor Guide Color" : {
    "Red Component" : 0.7021318674087524,
    "Color Space" : "sRGB",
    "Blue Component" : 1,
    "Alpha Component" : 0.25,
    "Green Component" : 0.9268307089805603
  },
  "BM Growl" : true,
  "Ansi 3 Color" : {
    "Green Component" : 0.4675142467021942,
    "Red Component" : 0.6474647521972656,
    "Blue Component" : 0.02348481118679047
  },
  "Use Non-ASCII Font" : false,
  "Link Color" : {
    "Red Component" : 0,
    "Color Space" : "sRGB",
    "Blue Component" : 0.734233021736145,
    "Alpha Component" : 1,
    "Green Component" : 0.3591606020927429
  },
  "Shortcut" : "",
  "Background Image Location" : "",
  "Bold Color" : {
    "Green Component" : 0.5648583769798279,
    "Red Component" : 0.5059919357299805,
    "Blue Component" : 0.5636365413665771
  },
  "Unlimited Scrollback" : false,
  "Custom Command" : "No",
  "HotKey Key Code" : 53,
  "Keyboard Map" : {
    "0xf700-0x260000" : {
      "Action" : 10,
      "Text" : "[1;6A"
    },
    "0x37-0x40000" : {
      "Action" : 11,
      "Text" : "0x1f"
    },
    "0x32-0x40000" : {
      "Action" : 11,
      "Text" : "0x00"
    },
    "0xf709-0x20000" : {
      "Action" : 10,
      "Text" : "[17;2~"
    },
    "0xf70c-0x20000" : {
      "Action" : 10,
      "Text" : "[20;2~"
    },
    "0xf729-0x20000" : {
      "Action" : 10,
      "Text" : "[1;2H"
    },
    "0xf72b-0x40000" : {
      "Action" : 10,
      "Text" : "[1;5F"
    },
    "0xf705-0x20000" : {
      "Action" : 10,
      "Text" : "[1;2Q"
    },
    "0xf703-0x260000" : {
      "Action" : 10,
      "Text" : "[1;6C"
    },
    "0xf700-0x220000" : {
      "Action" : 10,
      "Text" : "[1;2A"
    },
    "0xf701-0x280000" : {
      "Action" : 11,
      "Text" : "0x1b 0x1b 0x5b 0x42"
    },
    "0x38-0x40000" : {
      "Action" : 11,
      "Text" : "0x7f"
    },
    "0x33-0x40000" : {
      "Action" : 11,
      "Text" : "0x1b"
    },
    "0xf703-0x220000" : {
      "Action" : 10,
      "Text" : "[1;2C"
    },
    "0xf701-0x240000" : {
      "Action" : 10,
      "Text" : "[1;5B"
    },
    "0xf70d-0x20000" : {
      "Action" : 10,
      "Text" : "[21;2~"
    },
    "0xf702-0x260000" : {
      "Action" : 10,
      "Text" : "[1;6D"
    },
    "0xf729-0x40000" : {
      "Action" : 10,
      "Text" : "[1;5H"
    },
    "0xf706-0x20000" : {
      "Action" : 10,
      "Text" : "[1;2R"
    },
    "0x34-0x40000" : {
      "Action" : 11,
      "Text" : "0x1c"
    },
    "0xf700-0x280000" : {
      "Action" : 11,
      "Text" : "0x1b 0x1b 0x5b 0x41"
    },
    "0x2d-0x40000" : {
      "Action" : 11,
      "Text" : "0x1f"
    },
    "0xf70e-0x20000" : {
      "Action" : 10,
      "Text" : "[23;2~"
    },
    "0xf702-0x220000" : {
      "Action" : 10,
      "Text" : "[1;2D"
    },
    "0xf703-0x280000" : {
      "Action" : 11,
      "Text" : "0x1b 0x1b 0x5b 0x43"
    },
    "0xf700-0x240000" : {
      "Action" : 10,
      "Text" : "[1;5A"
    },
    "0xf707-0x20000" : {
      "Action" : 10,
      "Text" : "[1;2S"
    },
    "0xf70a-0x20000" : {
      "Action" : 10,
      "Text" : "[18;2~"
    },
    "0x35-0x40000" : {
      "Action" : 11,
      "Text" : "0x1d"
    },
    "0xf70f-0x20000" : {
      "Action" : 10,
      "Text" : "[24;2~"
    },
    "0xf703-0x240000" : {
      "Action" : 10,
      "Text" : "[1;5C"
    },
    "0xf701-0x260000" : {
      "Action" : 10,
      "Text" : "[1;6B"
    },
    "0xf702-0x280000" : {
      "Action" : 11,
      "Text" : "0x1b 0x1b 0x5b 0x44"
    },
    "0xf72b-0x20000" : {
      "Action" : 10,
      "Text" : "[1;2F"
    },
    "0x36-0x40000" : {
      "Action" : 11,
      "Text" : "0x1e"
    },
    "0xf708-0x20000" : {
      "Action" : 10,
      "Text" : "[15;2~"
    },
    "0xf701-0x220000" : {
      "Action" : 10,
      "Text" : "[1;2B"
    },
    "0xf70b-0x20000" : {
      "Action" : 10,
      "Text" : "[19;2~"
    },
    "0xf702-0x240000" : {
      "Action" : 10,
      "Text" : "[1;5D"
    },
    "0xf704-0x20000" : {
      "Action" : 10,
      "Text" : "[1;2P"
    }
  },
  "Ansi 14 Color" : {
    "Green Component" : 0.5648583769798279,
    "Red Component" : 0.5059919357299805,
    "Blue Component" : 0.5636365413665771
  },
  "Ansi 2 Color" : {
    "Green Component" : 0.5411549210548401,
    "Red Component" : 0.4497745335102081,
    "Blue Component" : 0.02020875550806522
  },
  "Send Code When Idle" : false,
  "ASCII Anti Aliased" : true,
  "Tags" : [
    "main"
  ],
  "Ansi 9 Color" : {
    "Green Component" : 0.2132530063390732,
    "Red Component" : 0.7417625784873962,
    "Blue Component" : 0.07353043556213379
  },
  "Use Bold Font" : true,
  "Silence Bell" : false,
  "Ansi 12 Color" : {
    "Green Component" : 0.5096293091773987,
    "Red Component" : 0.4405802488327026,
    "Blue Component" : 0.5168579816818237
  },
  "Window Type" : 2,
  "Use Bright Bold" : true,
  "Has Hotkey" : true,
  "HotKey Modifier Activation" : 0,
  "Cursor Text Color" : {
    "Green Component" : 0.155759260058403,
    "Red Component" : 0,
    "Blue Component" : 0.1937013864517212
  },
  "HotKey Window Dock Click Action" : 0,
  "Default Bookmark" : "No",
  "Cursor Color" : {
    "Green Component" : 0.5096293091773987,
    "Red Component" : 0.4405802488327026,
    "Blue Component" : 0.5168579816818237
  },
  "Ansi 1 Color" : {
    "Green Component" : 0.1084065511822701,
    "Red Component" : 0.8192697763442993,
    "Blue Component" : 0.1414571404457092
  },
  "Name" : "elTaan",
  "Blinking Cursor" : true,
  "Guid" : "9BAC4693-CB77-4F27-8C9A-45B62A0E2C3F",
  "Ansi 8 Color" : {
    "Green Component" : 0.1178361028432846,
    "Red Component" : 0,
    "Blue Component" : 0.1517027318477631
  },
  "Ansi 10 Color" : {
    "Green Component" : 0.3566595613956451,
    "Red Component" : 0.2767199277877808,
    "Blue Component" : 0.3829848766326904
  },
  "Idle Code" : 0,
  "Badge Color" : {
    "Red Component" : 1,
    "Color Space" : "sRGB",
    "Blue Component" : 0,
    "Alpha Component" : 0.5,
    "Green Component" : 0.1491314172744751
  },
  "Ambiguous Double Width" : false,
  "Blur Radius" : 14.02432185913706,
  "Cursor Type" : 0,
  "Ansi 0 Color" : {
    "Green Component" : 0.155759260058403,
    "Red Component" : 0,
    "Blue Component" : 0.1937013864517212
  },
  "Blur" : true,
  "Normal Font" : "SourceCodeProForPowerline-Regular 11",
  "Vertical Spacing" : 1,
  "Ansi 7 Color" : {
    "Green Component" : 0.8900123834609985,